Feature,Data Type,Unique Values,Missing Values,% Missing
id_24,float64,12,585793,99.2
id_21,float64,490,585381,99.13
id_07,float64,84,585385,99.13
id_25,float64,341,585408,99.13
id_26,float64,95,585377,99.13
id_08,float64,94,585385,99.13
id_27,str,2,585371,99.12
id_23,str,3,585371,99.12
id_22,float64,25,585371,99.12
dist2,float64,1751,552913,93.63
D7,float64,597,551623,93.41
id_18,float64,18,545427,92.36
D13,float64,577,528588,89.51
D14,float64,802,528353,89.47
D12,float64,635,525823,89.04
id_04,float64,15,524216,88.77
id_03,float64,24,524216,88.77
D6,float64,829,517353,87.61
id_33,str,260,517251,87.59
id_09,float64,46,515614,87.31
D8,float64,12353,515614,87.31
id_10,float64,62,515614,87.31
D9,float64,24,515614,87.31
id_30,str,75,512975,86.87
id_32,float64,4,512954,86.86
id_34,str,4,512735,86.82
id_14,float64,25,510496,86.45
V151,float64,56,508589,86.12
V152,float64,39,508589,86.12
V150,float64,1996,508589,86.12
V165,float64,2547,508589,86.12
V160,float64,9621,508589,86.12
V162,float64,185,508595,86.12
V161,float64,79,508595,86.12
V166,float64,987,508589,86.12
V164,float64,1978,508589,86.12
V145,float64,260,508589,86.12
V155,float64,25,508595,86.12
V163,float64,106,508595,86.12
V159,float64,6663,508589,86.12
V138,float64,23,508595,86.12
V153,float64,19,508595,86.12
V156,float64,25,508595,86.12
V157,float64,25,508595,86.12
V158,float64,25,508595,86.12
V154,float64,19,508595,86.12
V149,float64,21,508595,86.12
V146,float64,25,508595,86.12
V147,float64,27,508595,86.12
V148,float64,21,508595,86.12
V143,float64,870,508589,86.12
V144,float64,63,508589,86.12
V139,float64,34,508595,86.12
V140,float64,34,508595,86.12
V141,float64,6,508595,86.12
V142,float64,10,508595,86.12
V330,float64,56,508189,86.05
V329,float64,100,508189,86.05
V336,float64,356,508189,86.05
V333,float64,1971,508189,86.05
V334,float64,143,508189,86.05
V331,float64,1758,508189,86.05
V326,float64,45,508189,86.05
V325,float64,13,508189,86.05
V324,float64,976,508189,86.05
V327,float64,19,508189,86.05
V323,float64,1411,508189,86.05
V322,float64,881,508189,86.05
V338,float64,380,508189,86.05
V339,float64,334,508189,86.05
V335,float64,672,508189,86.05
V337,float64,254,508189,86.05
V328,float64,16,508189,86.05
V332,float64,2453,508189,86.05
DeviceInfo,str,1786,471874,79.91
id_13,float64,54,463220,78.44
id_16,str,2,461200,78.1
V249,float64,23,460110,77.91
V277,float64,2540,460110,77.91
V278,float64,2398,460110,77.91
V248,float64,23,460110,77.91
V275,float64,7776,460110,77.91
V276,float64,2263,460110,77.91
V252,float64,25,460110,77.91
V247,float64,19,460110,77.91
V246,float64,46,460110,77.91
V232,float64,338,460110,77.91
V237,float64,40,460110,77.91
V244,float64,23,460110,77.91
V243,float64,43,460110,77.91
V241,float64,5,460110,77.91
V242,float64,21,460110,77.91
V240,float64,6,460110,77.91
V236,float64,46,460110,77.91
V263,float64,10422,460110,77.91
V262,float64,21,460110,77.91
V261,float64,41,460110,77.91
V264,float64,13358,460110,77.91
V267,float64,3616,460110,77.91
V266,float64,2178,460110,77.91
V269,float64,151,460110,77.91
V265,float64,11757,460110,77.91
V268,float64,2756,460110,77.91
V273,float64,7177,460110,77.91
V274,float64,8315,460110,77.91
V254,float64,45,460110,77.91
V260,float64,9,460110,77.91
V253,float64,66,460110,77.91
V257,float64,49,460110,77.91
V258,float64,67,460110,77.91
V218,float64,401,460110,77.91
V217,float64,304,460110,77.91
V219,float64,379,460110,77.91
V223,float64,17,460110,77.91
V226,float64,81,460110,77.91
V225,float64,35,460110,77.91
V224,float64,79,460110,77.91
V231,float64,294,460110,77.91
V228,float64,55,460110,77.91
V229,float64,91,460110,77.91
V233,float64,333,460110,77.91
V235,float64,24,460110,77.91
V230,float64,66,460110,77.91
id_05,float64,93,453675,76.82
id_06,float64,101,453675,76.82
R_emaildomain,str,60,453249,76.75
id_20,float64,394,451279,76.42
id_19,float64,522,451222,76.41
id_17,float64,104,451171,76.4
V213,float64,8317,450909,76.36
V215,float64,2747,450909,76.36
V214,float64,2282,450909,76.36
V206,float64,1780,450909,76.36
V183,float64,42,450909,76.36
V168,float64,965,450909,76.36
V173,float64,8,450909,76.36
V181,float64,25,450909,76.36
V212,float64,8868,450909,76.36
V211,float64,7624,450909,76.36
V205,float64,2240,450909,76.36
V207,float64,3246,450909,76.36
V216,float64,2532,450909,76.36
V167,float64,873,450909,76.36
V182,float64,84,450909,76.36
V193,float64,38,450909,76.36
V192,float64,45,450909,76.36
V187,float64,215,450909,76.36
V204,float64,12858,450909,76.36
V202,float64,10970,450909,76.36
V203,float64,14951,450909,76.36
V199,float64,46,450909,76.36
V196,float64,39,450909,76.36
V186,float64,39,450909,76.36
V179,float64,921,450909,76.36
V177,float64,862,450909,76.36
V178,float64,1236,450909,76.36
V176,float64,49,450909,76.36
V172,float64,32,450909,76.36
V191,float64,22,450909,76.36
V190,float64,43,450909,76.36
V175,float64,15,450721,76.32
V209,float64,3451,450721,76.32
V208,float64,2552,450721,76.32
V169,float64,20,450721,76.32
V180,float64,84,450721,76.32
V174,float64,9,450721,76.32
V184,float64,17,450721,76.32
V185,float64,32,450721,76.32
V189,float64,31,450721,76.32
V171,float64,62,450721,76.32
V170,float64,49,450721,76.32
V200,float64,46,450721,76.32
V201,float64,56,450721,76.32
V210,float64,2836,450721,76.32
V197,float64,15,450721,76.32
V198,float64,22,450721,76.32
V194,float64,8,450721,76.32
V188,float64,31,450721,76.32
V195,float64,17,450721,76.32
id_31,str,130,450258,76.25
DeviceType,str,2,449730,76.16
id_02,float64,115655,449668,76.15
id_15,str,3,449555,76.13
id_11,float64,365,449562,76.13
id_38,str,2,449555,76.13
id_35,str,2,449555,76.13
id_36,str,2,449555,76.13
id_37,str,2,449555,76.13
id_29,str,2,449562,76.13
id_28,str,2,449562,76.13
V251,float64,19,449124,76.05
V250,float64,19,449124,76.05
V255,float64,46,449124,76.05
V256,float64,48,449124,76.05
V259,float64,68,449124,76.05
V272,float64,2507,449124,76.05
V271,float64,2787,449124,76.05
V270,float64,2340,449124,76.05
V234,float64,122,449124,76.05
V239,float64,24,449124,76.05
V238,float64,24,449124,76.05
V245,float64,58,449124,76.05
V227,float64,50,449124,76.05
V220,float64,26,449124,76.05
V222,float64,76,449124,76.05
V221,float64,77,449124,76.05
id_12,str,2,446307,75.58
id_01,float64,77,446307,75.58
dist1,float64,2651,352271,59.65
M5,str,2,350482,59.35
M7,str,2,346265,58.64
M9,str,2,346252,58.63
M8,str,2,346252,58.63
D5,float64,688,309841,52.47
M4,str,3,281444,47.66
D2,float64,641,280797,47.55
V11,float64,6,279287,47.29
V3,float64,10,279287,47.29
V4,float64,7,279287,47.29
V6,float64,10,279287,47.29
V5,float64,7,279287,47.29
V10,float64,5,279287,47.29
V1,float64,2,279287,47.29
V9,float64,9,279287,47.29
V8,float64,9,279287,47.29
V2,float64,9,279287,47.29
V7,float64,10,279287,47.29
D11,float64,676,279287,47.29
M1,str,2,271100,45.91
M3,str,2,271100,45.91
M2,str,2,271100,45.91
D3,float64,649,262878,44.51
M6,str,2,169360,28.68
V52,float64,9,168969,28.61
V49,float64,6,168969,28.61
V48,float64,6,168969,28.61
V45,float64,49,168969,28.61
V43,float64,9,168969,28.61
V50,float64,6,168969,28.61
V47,float64,9,168969,28.61
V46,float64,7,168969,28.61
V44,float64,49,168969,28.61
V51,float64,7,168969,28.61
V35,float64,4,168969,28.61
V37,float64,55,168969,28.61
V36,float64,6,168969,28.61
V42,float64,9,168969,28.61
V39,float64,16,168969,28.61
V41,float64,2,168969,28.61
V38,float64,55,168969,28.61
V40,float64,18,168969,28.61
D4,float64,808,168922,28.6
P_emaildomain,str,59,94456,15.99
V81,float64,20,89164,15.1
V90,float64,6,89164,15.1
V78,float64,32,89164,15.1
V75,float64,5,89164,15.1
V82,float64,8,89164,15.1
V94,float64,3,89164,15.1
V83,float64,8,89164,15.1
V84,float64,8,89164,15.1
V85,float64,8,89164,15.1
V86,float64,31,89164,15.1
V92,float64,8,89164,15.1
V93,float64,8,89164,15.1
V77,float64,31,89164,15.1
V87,float64,31,89164,15.1
V76,float64,7,89164,15.1
V79,float64,8,89164,15.1
V80,float64,20,89164,15.1
V91,float64,7,89164,15.1
V89,float64,3,89164,15.1
V88,float64,2,89164,15.1
D15,float64,859,89113,15.09
V67,float64,9,77096,13.06
V68,float64,3,77096,13.06
V71,float64,7,77096,13.06
V70,float64,7,77096,13.06
V69,float64,6,77096,13.06
V60,float64,17,77096,13.06
V59,float64,17,77096,13.06
V66,float64,8,77096,13.06
V74,float64,9,77096,13.06
V65,float64,2,77096,13.06
V63,float64,8,77096,13.06
V62,float64,11,77096,13.06
V61,float64,7,77096,13.06
V64,float64,8,77096,13.06
V72,float64,11,77096,13.06
V73,float64,8,77096,13.06
V54,float64,7,77096,13.06
V56,float64,52,77096,13.06
V58,float64,11,77096,13.06
V55,float64,18,77096,13.06
V53,float64,6,77096,13.06
V57,float64,7,77096,13.06
V22,float64,9,76073,12.88
V20,float64,15,76073,12.88
V21,float64,6,76073,12.88
V27,float64,4,76073,12.88
V28,float64,4,76073,12.88
V29,float64,6,76073,12.88
V32,float64,15,76073,12.88
V31,float64,8,76073,12.88
V19,float64,8,76073,12.88
V18,float64,16,76073,12.88
V25,float64,7,76073,12.88
V24,float64,14,76073,12.88
V23,float64,14,76073,12.88
V26,float64,13,76073,12.88
V14,float64,2,76073,12.88
V15,float64,8,76073,12.88
V16,float64,15,76073,12.88
V30,float64,8,76073,12.88
V33,float64,7,76073,12.88
V34,float64,13,76073,12.88
V12,float64,4,76073,12.88
V13,float64,7,76073,12.88
V17,float64,16,76073,12.88
D10,float64,818,76022,12.87
addr2,float64,74,65706,11.13
addr1,float64,332,65706,11.13
card2,float64,500,8933,1.51
card5,float64,119,4259,0.72
card3,float64,114,1565,0.27
card4,str,4,1577,0.27
card6,str,4,1571,0.27
V282,float64,33,1269,0.21
V281,float64,23,1269,0.21
V283,float64,62,1269,0.21
V289,float64,13,1269,0.21
V288,float64,11,1269,0.21
V301,float64,14,1269,0.21
V296,float64,94,1269,0.21
V314,float64,11377,1269,0.21
V315,float64,6973,1269,0.21
V313,float64,5529,1269,0.21
V300,float64,12,1269,0.21
D1,float64,641,1269,0.21
V107,float64,2,314,0.05
V108,float64,8,314,0.05
V109,float64,8,314,0.05
V133,float64,9949,314,0.05
V130,float64,12332,314,0.05
V131,float64,4444,314,0.05
V132,float64,6560,314,0.05
V137,float64,4252,314,0.05
V125,float64,14,314,0.05
V123,float64,14,314,0.05
V124,float64,14,314,0.05
V127,float64,24414,314,0.05
V126,float64,10299,314,0.05
V128,float64,14507,314,0.05
V129,float64,1968,314,0.05
V110,float64,8,314,0.05
V100,float64,29,314,0.05
V99,float64,89,314,0.05
V102,float64,1285,314,0.05
V106,float64,56,314,0.05
V134,float64,8178,314,0.05
V135,float64,3724,314,0.05
V136,float64,4852,314,0.05
V112,float64,10,314,0.05
V111,float64,10,314,0.05
V113,float64,10,314,0.05
V121,float64,4,314,0.05
V114,float64,7,314,0.05
V115,float64,7,314,0.05
V116,float64,7,314,0.05
V117,float64,4,314,0.05
V101,float64,870,314,0.05
V104,float64,16,314,0.05
V103,float64,928,314,0.05
V122,float64,4,314,0.05
V118,float64,4,314,0.05
V97,float64,976,314,0.05
V95,float64,881,314,0.05
V96,float64,1410,314,0.05
V105,float64,100,314,0.05
V119,float64,4,314,0.05
V120,float64,4,314,0.05
V98,float64,13,314,0.05
card1,int64,13553,0,0.0
TransactionAmt,float64,20902,0,0.0
TransactionDT,int64,573349,0,0.0
isFraud,int64,2,0,0.0
ProductCD,str,5,0,0.0
V298,float64,94,12,0.0
V295,float64,928,12,0.0
V299,float64,50,12,0.0
V294,float64,1286,12,0.0
V291,float64,219,12,0.0
V292,float64,173,12,0.0
V297,float64,13,12,0.0
V286,float64,9,12,0.0
V287,float64,32,12,0.0
V290,float64,58,12,0.0
V285,float64,96,12,0.0
V280,float64,975,12,0.0
V279,float64,881,12,0.0
V284,float64,13,12,0.0
V293,float64,870,12,0.0
V321,float64,5560,12,0.0
V320,float64,6439,12,0.0
V319,float64,4799,12,0.0
V318,float64,12309,12,0.0
V306,float64,16210,12,0.0
V303,float64,21,12,0.0
V304,float64,17,12,0.0
V305,float64,2,12,0.0
V309,float64,4236,12,0.0
V308,float64,23064,12,0.0
V307,float64,37367,12,0.0
V310,float64,19136,12,0.0
V312,float64,8068,12,0.0
V311,float64,3098,12,0.0
V316,float64,9814,12,0.0
V317,float64,15184,12,0.0
V302,float64,17,12,0.0
C1,float64,1657,0,0.0
C2,float64,1216,0,0.0
C3,float64,27,0,0.0
C7,float64,1103,0,0.0
C4,float64,1260,0,0.0
C5,float64,319,0,0.0
C6,float64,1328,0,0.0
C10,float64,1231,0,0.0
C9,float64,205,0,0.0
C8,float64,1253,0,0.0
C11,float64,1476,0,0.0
C14,float64,1108,0,0.0
C13,float64,1597,0,0.0
C12,float64,1199,0,0.0
TransactionID,int64,590540,0,0.0
